<?xml version="1.0" encoding="UTF-8"?>
<beans xmlns="http://www.springframework.org/schema/beans"
	xmlns:xsi="http://www.w3.org/2001/XMLSchema-instance" 
	xmlns:context="http://www.springframework.org/schema/context"
	xmlns:p="http://www.springframework.org/schema/p" 
	xmlns:mvc="http://www.springframework.org/schema/mvc"
	xsi:schemaLocation="http://www.springframework.org/schema/beans 
	   		http://www.springframework.org/schema/beans/spring-beans-3.1.xsd
	   		http://www.springframework.org/schema/context
	   		http://www.springframework.org/schema/context/spring-context-3.1.xsd
			http://www.springframework.org/schema/mvc 
			http://www.springframework.org/schema/mvc/spring-mvc-3.1.xsd">

	<!-- Scans the classpath for annotated components that will be auto-registered as Spring beans.
	 For example @Controller and @Service. Make sure to set the correct base-package -->
	<context:component-scan base-package="fr.daveo.training.springmvc" />

	<!-- Configures the annotation-driven Spring MVC Controller programming model.
	Note that, with Spring 3.0, this tag works in Servlet MVC only!  -->
	<mvc:annotation-driven /> 
	
	<mvc:resources mapping="/resources/**" location="/resources/" /> 

	<!-- Declare a view resolver -->
	<bean id="jspViewResolver" class="org.springframework.web.servlet.view.InternalResourceViewResolver" 
    		p:prefix="/WEB-INF/views/" p:suffix=".jsp" p:order="1"/>
   
	<bean
		class="org.springframework.web.servlet.mvc.annotation.AnnotationMethodHandlerAdapter">
		<property name="webBindingInitializer">
			<!-- Configures Spring MVC DataBinder instances -->
			<bean
				class="org.springframework.web.bind.support.ConfigurableWebBindingInitializer">
				<property name="validator" ref="validator" />
			</bean>
		</property>
	</bean>
	<bean id="validator"
		class="org.springframework.validation.beanvalidation.LocalValidatorFactoryBean" />
	
</beans>