<beans:beans xmlns="http://www.springframework.org/schema/security"
	xmlns:beans="http://www.springframework.org/schema/beans" xmlns:xsi="http://www.w3.org/2001/XMLSchema-instance"
	xsi:schemaLocation="http://www.springframework.org/schema/beans
	http://www.springframework.org/schema/beans/spring-beans-3.1.xsd
	http://www.springframework.org/schema/security
	http://www.springframework.org/schema/security/spring-security-3.1.xsd">

	<global-method-security pre-post-annotations="enabled" />

	<http auto-config="true" access-denied-page="/WEB-INF/views/access-denied.jsp">
		<intercept-url pattern="/resources/js/**" access="IS_AUTHENTICATED_ANONYMOUSLY" />
		<intercept-url pattern="/resources/css/*" access="IS_AUTHENTICATED_ANONYMOUSLY" />
		<intercept-url pattern="/login" access="IS_AUTHENTICATED_ANONYMOUSLY" />

		<intercept-url pattern="/users" access="ROLE_USER,ROLE_ADMIN" />
		<intercept-url pattern="/users/create" access="ROLE_ADMIN" />
		<intercept-url pattern="/users/update" access="ROLE_ADMIN" />
		<intercept-url pattern="/users/delete" access="ROLE_ADMIN" />
		

		<!-- Redirection vers la page d'index de l'utilisateur non connecté -->
		<form-login login-page="/login" />
		<logout />
	</http>

	<authentication-manager>
		<authentication-provider>
			<user-service>
				<user name="user" password="user" authorities="ROLE_USER" />
				<user name="admin" password="admin" authorities="ROLE_ADMIN" />
			</user-service>
		</authentication-provider>
	</authentication-manager>

	<!-- necessaire pour la visibilite des tag authorize dans les JSP -->
	<beans:bean id="expressionHandler"
		class="org.springframework.security.web.access.expression.DefaultWebSecurityExpressionHandler">
	</beans:bean>

</beans:beans>